First Name,Last Name,Email,Company,Title,Research
John,Doe,john.doe@example.com,Acme Inc.,Sales Manager,"Acme Inc. is a fast-growing SaaS company that recently secured $50M in Series B funding, aiming to scale operations in North America and Europe. Their main focus is AI-powered customer insights, with their flagship product offering predictive analytics for enterprise sales teams.

The company has seen a 65% YoY growth in revenue but struggles with customer churn and optimizing outbound sales strategies. According to their VP of Sales, they are actively seeking solutions to improve lead conversion rates.

Recent LinkedIn posts and job openings suggest they are expanding their SDR team and shifting toward account-based sales strategies. In a recent interview, their CEO emphasized automation as a key priority.

The challenge? Acme Inc. lacks quality B2B lead data, leading to inefficiencies in outreach. They rely heavily on web scraping and LinkedIn, but data accuracy remains a concern.

Key takeaway: They need a scalable data enrichment solution to improve lead targeting."
Jane,Smith,jane.smith@example.com,Beta LLC,CTO,"Beta LLC is a mid-sized cybersecurity firm specializing in cloud security solutions for financial institutions. Their flagship product, BetaShield, provides AI-driven threat detection and compliance monitoring.

The company has seen a 40% increase in client acquisition following new cybersecurity regulations in the UK and US. However, they are struggling with scaling sales due to a lack of outbound automation.

The CISO recently spoke at an event, mentioning that lead gen is their biggest challenge and that they are actively exploring new partnerships for data-driven outbound strategies.

According to recent hiring trends, they are looking for sales engineers and SDRs, signaling a shift towards proactive sales engagement. Their recent partnerships include Microsoft Azure and AWS, indicating a focus on cloud-native security solutions.

Pain point: Manual lead sourcing is slow, and their SDRs are spending too much time researching prospects instead of selling. They need a reliable data enrichment provider.

Ideal approach: Position the solution as a way to save time and automate lead generation while ensuring compliance with strict data regulations."
